<?xml version="1.0"?>
<!--
  Copyright 2003-2004 The Apache Software Foundation.

  Licensed under the Apache License, Version 2.0 (the "License");
  you may not use this file except in compliance with the License.
  You may obtain a copy of the License at

     http://www.apache.org/licenses/LICENSE-2.0

  Unless required by applicable law or agreed to in writing, software
  distributed under the License is distributed on an "AS IS" BASIS,
  WITHOUT WARRANTIES OR CONDITIONS OF ANY KIND, either express or implied.
  See the License for the specific language governing permissions and
  limitations under the License.

  $Id: toolbox.xml,v 1.2 2007/01/03 01:34:32 michael Exp $
-->
<tools>

<toolbox scope="application">
        <tool key="CommUtil" class="com.sunline.util.CommonUtil"/>
        <tool key="math" class="org.apache.velocity.tools.generic.MathTool"/>
        <tool key="number" class="org.apache.velocity.tools.generic.NumberTool">
                <parameter name="format" value="#0.00"/>
                <parameter name="locale" value="zh_CN"/>
        </tool>
        <tool key="date" class="org.apache.velocity.tools.generic.DateTool">
                <parameter name="format" value="yyyy-MM-dd HH:mm:ss"/>
                <parameter name="locale" value="zh_CN"/>
                <parameter name="timezone" value="Asia/Shanghai"/>

        </tool>
        <tool key="list" class="org.apache.velocity.tools.generic.ListTool"/>
</toolbox>
<toolbox scope="request">
        <tool key="params" class="org.apache.velocity.tools.view.ParameterTool"/>
        <tool key="link" class="org.apache.velocity.tools.view.LinkTool"/>
</toolbox>
</tools>
